Workbook

Sheet How to use
B2: Hackathon / Innovation Sprint — Budget Template
B4: WHAT THIS WORKBOOK DOES
B5: Plan the cost of a 20-pax or 50-pax hackathon / innovation sprint, then track budget vs. actual spend on a live project — with automatic flags and a structured place to explain the big swings.
B7: THE TABS
B8: 1. Budget vs Actual — the working sheet. Pick your event size, set budgets, log actuals. Any line item that runs >20% over budget is flagged red and a reason becomes required.
B9: 2. Dashboard — auto-calculated roll-up by category, totals, and the list of flagged over-budget items. Nothing to fill in here.
B10: 3. Impact & Opportunities — log the spend that punched above its weight and the future opportunities it opened.
B11: 4. Over-Budget Deep Dive — for each flagged item: the reason, the impact it actually delivered, and the way forward.
B13: HOW TO USE IT
B14: Step 1 — On 'Budget vs Actual', fill the project header and choose Event size (20 or 50) from the dropdown. The Budgeted column auto-fills from the matching estimate; overwrite any cell with your real quote.
B15: Step 2 — As money is committed, enter the Actual for each line. Variance ($ and %) and the over-budget flag calculate automatically.
B16: Step 3 — Whenever 'Flag' shows ⚠ OVER, write the circumstance in the Reason column. This is the audit trail for spend that ran >20% hot.
... B23: • The +20% threshold is the trigger for an explanation. You can change it in the header (Variance threshold cell).

Sheet Budget vs Actual
A1: BUDGET vs ACTUAL — Hackathon / Innovation Sprint
A2: Project / Client: | F2: Event date:
A3: Event size (pax): | B3: 20 | C3: Currency: | D3: SGD | F3: Variance threshold: | G3: 0.2
A4: Contingency %: | B4: 0.1 | C4: Prepared by:
A6: Category | B6: Line item | C6: Description / assumption | D6: Est. 20 pax | E6: Est. 50 pax | F6: Budgeted | G6: Actual | H6: Variance | I6: Variance % | J6: Flag | K6: Reason / circumstances (required if flagged)
A7: Venue & Facilities | B7: Venue hire (full day) | C7: Main space, full-day rate | D7: 1500 | E7: 3000 | F7: =IF($B$3=50,E7,D7) | H7: =IF(G7="","",G7-F7) | I7: =IF(OR(G7="",F7=0),"",(G7-F7)/F7) | J7: =IF(I7="","",IF(I7>$G$3,"⚠ OVER",IF(I7<-$G$3,"under","ok")))
A8: Venue & Facilities | B8: Breakout rooms | C8: Team rooms for parallel work | D8: 400 | E8: 1000 | F8: =IF($B$3=50,E8,D8) | H8: =IF(G8="","",G8-F8) | I8: =IF(OR(G8="",F8=0),"",(G8-F8)/F8) | J8: =IF(I8="","",IF(I8>$G$3,"⚠ OVER",IF(I8<-$G$3,"under","ok")))
A9: Venue & Facilities | B9: AV equipment rental | C9: Projector, screens, mics, PA | D9: 600 | E9: 1200 | F9: =IF($B$3=50,E9,D9) | H9: =IF(G9="","",G9-F9) | I9: =IF(OR(G9="",F9=0),"",(G9-F9)/F9) | J9: =IF(I9="","",IF(I9>$G$3,"⚠ OVER",IF(I9<-$G$3,"under","ok")))
A10: Venue & Facilities | B10: Wifi / bandwidth upgrade | C10: Guaranteed uplink for demos | D10: 200 | E10: 500 | F10: =IF($B$3=50,E10,D10) | H10: =IF(G10="","",G10-F10) | I10: =IF(OR(G10="",F10=0),"",(G10-F10)/F10) | J10: =IF(I10="","",IF(I10>$G$3,"⚠ OVER",IF(I10<-$G$3,"under","ok")))
A11: Venue & Facilities | B11: Furniture / layout reconfig | C11: Cabaret/cluster setup, tear-down | D11: 150 | E11: 400 | F11: =IF($B$3=50,E11,D11) | H11: =IF(G11="","",G11-F11) | I11: =IF(OR(G11="",F11=0),"",(G11-F11)/F11) | J11: =IF(I11="","",IF(I11>$G$3,"⚠ OVER",IF(I11<-$G$3,"under","ok")))
A12: Venue & Facilities | B12: Power / charging stations | C12: Extension runs, charging carts | D12: 100 | E12: 250 | F12: =IF($B$3=50,E12,D12) | H12: =IF(G12="","",G12-F12) | I12: =IF(OR(G12="",F12=0),"",(G12-F12)/F12) | J12: =IF(I12="","",IF(I12>$G$3,"⚠ OVER",IF(I12<-$G$3,"under","ok")))
A13: Venue & Facilities | B13: Cleaning / janitorial | C13: Mid-event + post-event | D13: 150 | E13: 350 | F13: =IF($B$3=50,E13,D13) | H13: =IF(G13="","",G13-F13) | I13: =IF(OR(G13="",F13=0),"",(G13-F13)/F13) | J13: =IF(I13="","",IF(I13>$G$3,"⚠ OVER",IF(I13<-$G$3,"under","ok")))
A14: Technology & Tools | B14: Cloud / API credits | C14: Prototyping compute & API usage | D14: 300 | E14: 750 | F14: =IF($B$3=50,E14,D14) | H14: =IF(G14="","",G14-F14) | I14: =IF(OR(G14="",F14=0),"",(G14-F14)/F14) | J14: =IF(I14="","",IF(I14>$G$3,"⚠ OVER",IF(I14<-$G$3,"under","ok")))
A15: Technology & Tools | B15: Software / SaaS licenses | C15: Short-term tooling for the sprint | D15: 200 | E15: 500 | F15: =IF($B$3=50,E15,D15) | H15: =IF(G15="","",G15-F15) | I15: =IF(OR(G15="",F15=0),"",(G15-F15)/F15) | J15: =IF(I15="","",IF(I15>$G$3,"⚠ OVER",IF(I15<-$G$3,"under","ok")))
A16: Technology & Tools | B16: Collaboration tools | C16: Miro / FigJam / Slack workspace | D16: 150 | E16: 350 | F16: =IF($B$3=50,E16,D16) | H16: =IF(G16="","",G16-F16) | I16: =IF(OR(G16="",F16=0),"",(G16-F16)/F16) | J16: =IF(I16="","",IF(I16>$G$3,"⚠ OVER",IF(I16<-$G$3,"under","ok")))
A17: Technology & Tools | B17: Hardware kits / components | C17: IoT / maker kits (if applicable) | D17: 0 | E17: 0 | F17: =IF($B$3=50,E17,D17) | H17: =IF(G17="","",G17-F17) | I17: =IF(OR(G17="",F17=0),"",(G17-F17)/F17) | J17: =IF(I17="","",IF(I17>$G$3,"⚠ OVER",IF(I17<-$G$3,"under","ok")))
A18: Technology & Tools | B18: Device rental | C18: Loaner laptops / tablets (if needed) | D18: 0 | E18: 0 | F18: =IF($B$3=50,E18,D18) | H18: =IF(G18="","",G18-F18) | I18: =IF(OR(G18="",F18=0),"",(G18-F18)/F18) | J18: =IF(I18="","",IF(I18>$G$3,"⚠ OVER",IF(I18<-$G$3,"under","ok")))
... A53: Client Rapport / Good-to-haves | B53: Wellness corner (good-to-have) | C53: Massage / meditation break | D53: 300 | E53: 600 | F53: =IF($B$3=50,E53,D53) | H53: =IF(G53="","",G53-F53) | I53: =IF(OR(G53="",F53=0),"",(G53-F53)/F53) | J53: =IF(I53="","",IF(I53>$G$3,"⚠ OVER",IF(I53<-$G$3,"under","ok")))
B54: SUBTOTAL (line items) | D54: =SUM(D7:D53) | E54: =SUM(E7:E53) | F54: =SUM(F7:F53) | G54: =SUM(G7:G53) | H54: =IF(SUM(G7:G53)=0,"",G54-F54) | I54: =IF(OR(G54=0,F54=0),"",(G54-F54)/F54)
B55: Contingency | D55: =D54*$B$4 | E55: =E54*$B$4 | F55: =F54*$B$4
B56: GRAND TOTAL | D56: =D54+D55 | E56: =E54+E55 | F56: =F54+F55 | G56: =SUM(G7:G53)+N(G55) | H56: =IF(G56=0,"",G56-F56) | I56: =IF(OR(G56=0,F56=0),"",(G56-F56)/F56)
A58: Tip: the Budgeted column auto-fills from the 20- or 50-pax estimate based on the Event size selector — overwrite any cell with your actual quote. A line flags ⚠ OVER once Actual exceeds Budgeted by more than the Variance threshold; document the why in the Reason column, then expand on it in the Over-Budget Deep Dive tab.

Sheet Dashboard
B1: DASHBOARD — Budget vs Actual roll-up
B2: Auto-calculated from the 'Budget vs Actual' tab — nothing to enter here.
B4: Category | C4: Budgeted | D4: Actual | E4: Variance | F4: Variance % | G4: Flag
B5: Venue & Facilities | C5: =SUMIF('Budget vs Actual'!$A$7:$A$53,$B5,'Budget vs Actual'!$F$7:$F$53) | D5: =SUMIF('Budget vs Actual'!$A$7:$A$53,$B5,'Budget vs Actual'!$G$7:$G$53) | E5: =D5-C5 | F5: =IF(C5=0,"",(D5-C5)/C5) | G5: =IF(C5=0,"",IF((D5-C5)/C5>'Budget vs Actual'!$G$3,"⚠ OVER",IF((D5-C5)/C5<-'Budget vs Actual'!$G$3,"under","ok")))
B6: Technology & Tools | C6: =SUMIF('Budget vs Actual'!$A$7:$A$53,$B6,'Budget vs Actual'!$F$7:$F$53) | D6: =SUMIF('Budget vs Actual'!$A$7:$A$53,$B6,'Budget vs Actual'!$G$7:$G$53) | E6: =D6-C6 | F6: =IF(C6=0,"",(D6-C6)/C6) | G6: =IF(C6=0,"",IF((D6-C6)/C6>'Budget vs Actual'!$G$3,"⚠ OVER",IF((D6-C6)/C6<-'Budget vs Actual'!$G$3,"under","ok")))
B7: Facilitation & Talent | C7: =SUMIF('Budget vs Actual'!$A$7:$A$53,$B7,'Budget vs Actual'!$F$7:$F$53) | D7: =SUMIF('Budget vs Actual'!$A$7:$A$53,$B7,'Budget vs Actual'!$G$7:$G$53) | E7: =D7-C7 | F7: =IF(C7=0,"",(D7-C7)/C7) | G7: =IF(C7=0,"",IF((D7-C7)/C7>'Budget vs Actual'!$G$3,"⚠ OVER",IF((D7-C7)/C7<-'Budget vs Actual'!$G$3,"under","ok")))
B8: Food & Beverage | C8: =SUMIF('Budget vs Actual'!$A$7:$A$53,$B8,'Budget vs Actual'!$F$7:$F$53) | D8: =SUMIF('Budget vs Actual'!$A$7:$A$53,$B8,'Budget vs Actual'!$G$7:$G$53) | E8: =D8-C8 | F8: =IF(C8=0,"",(D8-C8)/C8) | G8: =IF(C8=0,"",IF((D8-C8)/C8>'Budget vs Actual'!$G$3,"⚠ OVER",IF((D8-C8)/C8<-'Budget vs Actual'!$G$3,"under","ok")))
B9: Participant Experience | C9: =SUMIF('Budget vs Actual'!$A$7:$A$53,$B9,'Budget vs Actual'!$F$7:$F$53) | D9: =SUMIF('Budget vs Actual'!$A$7:$A$53,$B9,'Budget vs Actual'!$G$7:$G$53) | E9: =D9-C9 | F9: =IF(C9=0,"",(D9-C9)/C9) | G9: =IF(C9=0,"",IF((D9-C9)/C9>'Budget vs Actual'!$G$3,"⚠ OVER",IF((D9-C9)/C9<-'Budget vs Actual'!$G$3,"under","ok")))
B10: Marketing & Communications | C10: =SUMIF('Budget vs Actual'!$A$7:$A$53,$B10,'Budget vs Actual'!$F$7:$F$53) | D10: =SUMIF('Budget vs Actual'!$A$7:$A$53,$B10,'Budget vs Actual'!$G$7:$G$53) | E10: =D10-C10 | F10: =IF(C10=0,"",(D10-C10)/C10) | G10: =IF(C10=0,"",IF((D10-C10)/C10>'Budget vs Actual'!$G$3,"⚠ OVER",IF((D10-C10)/C10<-'Budget vs Actual'!$G$3,"under","ok")))
B11: Logistics & Operations | C11: =SUMIF('Budget vs Actual'!$A$7:$A$53,$B11,'Budget vs Actual'!$F$7:$F$53) | D11: =SUMIF('Budget vs Actual'!$A$7:$A$53,$B11,'Budget vs Actual'!$G$7:$G$53) | E11: =D11-C11 | F11: =IF(C11=0,"",(D11-C11)/C11) | G11: =IF(C11=0,"",IF((D11-C11)/C11>'Budget vs Actual'!$G$3,"⚠ OVER",IF((D11-C11)/C11<-'Budget vs Actual'!$G$3,"under","ok")))
B12: Client Rapport / Good-to-haves | C12: =SUMIF('Budget vs Actual'!$A$7:$A$53,$B12,'Budget vs Actual'!$F$7:$F$53) | D12: =SUMIF('Budget vs Actual'!$A$7:$A$53,$B12,'Budget vs Actual'!$G$7:$G$53) | E12: =D12-C12 | F12: =IF(C12=0,"",(D12-C12)/C12) | G12: =IF(C12=0,"",IF((D12-C12)/C12>'Budget vs Actual'!$G$3,"⚠ OVER",IF((D12-C12)/C12<-'Budget vs Actual'!$G$3,"under","ok")))
B13: TOTAL | C13: =SUM(C5:C12) | D13: =SUM(D5:D12) | E13: =D13-C13 | F13: =IF(C13=0,"",(D13-C13)/C13)
B16: HEADLINE
B17: Total budgeted | C17: =C13
B18: Total actual | C18: =D13
B19: Total variance | C19: =D13-C13
B20: Variance % | C20: =IF(C13=0,"",(D13-C13)/C13)
B21: Line items flagged >20% over | C21: =COUNTIF('Budget vs Actual'!$J$7:$J$53,"⚠ OVER")

Sheet Impact & Opportunities
B1: IMPACT & OPPORTUNITIES
B2: Capture the spend that delivered outsized value — the line items worth protecting or repeating — and the future opportunities each one opened (new leads, referrals, content, partnerships, capability).
B4: Spend / element | C4: Amount spent | D4: Why it was impactful (the value it created) | E4: Evidence / signal (feedback, metric, quote) | F4: Future opportunity it opened | G4: Owner / next step

Sheet Over-Budget Deep Dive
B1: OVER-BUDGET DEEP DIVE
B2: One row per line item flagged >20% over budget (see the Flag column on 'Budget vs Actual'). Diagnose the reason, assess the impact the extra spend actually delivered, and decide the way forward so the next event is better estimated.
B4: Line item | C4: Category | D4: Budgeted | E4: Actual | F4: Variance % | G4: Reason(s) for overspend | H4: Impact it actually gave | I4: Worth it? (Y/N) | J4: Way forward / action for next time
